_RAJ2000,_DEJ2000,RAJ2000,DEJ2000,2MASS,Jmag,e_Jmag,Hmag,e_Hmag,Kmag,e_Kmag,Qflg,Rflg,Bflg,Cflg,Xflg,Aflg
35.235414,61.062099,35.235414,61.062099,02205649+6103435,15.08,0.062,14.068,0.084,13.709,0.059,AAA,222,111,ccc,0,0
35.226056,61.055042,35.226056,61.055042,02205425+6103181,16.144,0.082,15.66,0.137,15.213,0.137,ABB,222,111,0,0,0
35.214326,61.057152,35.214326,61.057152,02205143+6103257,16.782,0.17,15.699,0.132,15.6,0.188,CBC,222,111,0,0,0
35.213739,61.054695,35.213739,61.054695,02205129+6103169,16.626,0.131,15.532,0.115,15.488,0.17,BBC,222,111,0,0,0
35.2113,61.057529,35.2113,61.057529,02205071+6103271,16.429,0.118,15.743,0.152,15.233,0.136,BBB,222,111,0,0,0
35.201293,61.071232,35.201293,61.071232,02204831+6104164,17.504,,15.953,0.161,15.166,0.14,UCB,22,11,0,0,0
35.199207,61.069725,35.199207,61.069725,02204780+6104110,16.347,0.115,15.669,0.137,15.023,,BBU,220,110,0,0,0
35.231054,61.064381,35.231054,61.064381,02205545+6103517,16.801,0.151,16.055,0.193,15.355,0.174,CCC,222,111,ccc,0,0
35.22621,61.071335,35.22621,61.071335,02205429+6104168,15.744,0.06,14.748,0.064,14.127,0.056,AAA,222,111,0,0,0
