recno,IRAS,RA1950,DE1950,Fnu_12,q_Fnu_12,Fnu_25,q_Fnu_25,Fnu_60,q_Fnu_60,Fnu_100,q_Fnu_100,NLRS,NID
10878,"02174+6052",34.3583333333333286,60.8713888888888804,0.8799,3,2.363,3,32.01,1,127.9,1,0,0
10712,"02156+6045",33.9154166666666620,60.7661111111111027,0.2729,1,0.3631,3,3.601,2,44.14,1,0,0
10714,"02157+6053",33.9283333333333286,60.8911111111111027,0.8217,3,1.309,3,21.8,2,215.1,1,0,0
10820,"02168+6052",34.2112499999999952,60.8699999999999915,2.157,3,2.179,3,32.01,1,127.9,3,0,0
10851,"02171+6058",34.2862499999999952,60.9716666666666582,0.3587,2,1.84,3,11.61,2,63.52,3,0,0
10751,"02160+6057",34.0212499999999953,60.9605555555555471,2.403,3,2.99,3,47.37,3,215.1,3,0,0
